product_name,price,rating,Number_of_Reviews,Product_url
American Tourister Fizz Large Size 32 Ltrs Casual Backpack (BLACK),"₹1,199",4.0 out of 5 stars,"54,975",https://www.amazon.in/American-Tourister-AMT-SCH-02/dp/B07CJCGM1M
Wesley Milestone 2.0 Casual Waterproof Laptop Backpack/Office Bag/School Bag/College Bag/Business Bag/Travel Backpack (Dimensions:13x18 inches) (Compatible with 39.62cm(15.6inch laptop) 30 L (Blue & black),₹550,4.3 out of 5 stars,"11,827",https://www.amazon.in/Wesley-Milestone-Waterproof-Backpack-Business/dp/B084JGJ8PF
Skybags Brat Black 46 Cms Casual Backpack,₹669,4.1 out of 5 stars,"5,172",https://www.amazon.in/Skybags-Brat-Black-Casual-Backpack/dp/B08Z1HHHTD
Half Moon Large 37L Laptop Bag Backpack for menं Women Boys and Girls Luggage Travel Bags with 17.3 inches Laptop Compartment & Rain Cover,₹849,3.9 out of 5 stars,"3,218",https://www.amazon.in/Half-Moon-Backpack-Luggage-Compartment/dp/B09VCLZ3K4
"Half Moon 35 Ltrs Water Resistant 15.6 inch Laptop Bag for Men/Backpack for Men, Navy Blue | Office Bag for Men/Office Bag for Women with Padded Laptop Compartment | Rain Cover & Reflective Strips",₹649,3.9 out of 5 stars,"16,569",https://www.amazon.in/Half-Moon-Waterproof-Backpack-Students/dp/B085MHDJ93
Gear Classic 20L Faux Leather Water Resistant Anti Theft Laptop Bag/Backpack for Men/Women (Brown),₹987,4.4 out of 5 stars,"5,915",https://www.amazon.in/Gear-Classic-Leather-Backpack-LBPCLSLTH0201/dp/B07G4F6XFH
Safari Compact Size 15 Ltrs Casual Backpack For Unisex Adult - Sea Blue,₹248,4.0 out of 5 stars,"19,994",https://www.amazon.in/SAFARI-Ltrs-Casual-Backpack-DAYPACKNEO15CBSEB/dp/B07Q7CNPMV
Wesley Spartan Unisex Travel Hiking Laptop Bag fits Upto 17.3 inch with Raincover and Internal Organiser Backpack Rucksack College Bag,₹749,4.1 out of 5 stars,"1,551",https://www.amazon.in/Wesley-Spartan-Hiking-Raincover-Organiser/dp/B098QFF5TJ
"American Tourister VALEX BLACK LAPTOP BACKPACK 28 Ltrs,Volume, LAPTOP COMPARTMENT, BOTTLE POCKET, FRONT ORGANIZER","₹1,199",4.3 out of 5 stars,549,https://www.amazon.in/American-Tourister-BACKPACK-COMPARTMENT-ORGANIZER/dp/B0BTD4S4XF
"TRUE HUMAN Emperor Anti-Theft backpack With USB charging Port Laptop Bag, Office bag, college bag and anti -theft back pocket (Black)",₹689,3.8 out of 5 stars,"2,304",https://www.amazon.in/TRUE-HUMAN-Anti-Theft-backpack-charging/dp/B09QJ7ZF2Y
ADISA 15.6 inch Laptop Backpack Office Bag College Travel Back Pack 32 Ltrs (z-Navy Blue),₹549,3.9 out of 5 stars,"1,015",https://www.amazon.in/ADISA-Laptop-Backpack-Office-College/dp/B09TPX22NF
NORTH ZONE Casual Waterproof Laptop Backpack/Office Bag/School Bag/College Bag/Business Bag/Travel Backpack (Dimensions:13x18 inches) (Compatible with 39.62cm(15.6inch laptop) 30 L,₹499,4.0 out of 5 stars,474,https://www.amazon.in/NORTH-ZONE-Waterproof-Backpack-Dimensions/dp/B0BS6QQZYN
"Wesley Milestone 2.0 Casual Waterproof Laptop Backpack/Office Bag/School Bag/College Bag/Business Bag/Travel Backpack (Dimensions:13x18 inches) (Compatible with 39.62cm(15.6inch laptop) 30 L, Charcoal black",₹550,4.3 out of 5 stars,"11,827",https://www.amazon.in/Wesley-Milestone-Waterproof-Backpack-Business/dp/B085S444JV
Gear Cello 30 Ltrs Black Laptop Backpack (LBPASPIRE0104),"₹1,125",4.4 out of 5 stars,"5,904",https://www.amazon.in/Gear-Black-Laptop-Backpack-LBPASPIRE0104/dp/B075MK4TXP
"Lenovo 15.6"" (39.62cm) Slim Everyday Backpack, Made in India, Compact, Water-resistant, Organized storage:Laptop sleeve,tablet pocket,front workstation,2-side pockets,Padded adjustable shoulder straps",₹839,4.3 out of 5 stars,"3,689",https://www.amazon.in/Lenovo-15-6-Inches-Everyday-Backpack/dp/B08R7RPVJF
Northzone Lightweight school bags Backpacks for Boys Girls Stylish men and women Casual Travel Laptop Bag College office (Black) 40L,₹415,4.0 out of 5 stars,121,https://www.amazon.in/NORTH-ZONE-Lightweight-Backpacks-Stylish/dp/B0BL3TVDK6
"FUR JADEN Anti Theft Number Lock Backpack Bag with 15.6 Inch Laptop Compartment, USB Charging Port & Organizer Pocket for Men Women Boys Girls",₹679,4.0 out of 5 stars,"4,901",https://www.amazon.in/Number-Backpack-Compartment-Charging-Organizer/dp/B09VTDMRY7
LOOKMUSTER (15.6 inch 30 L Casual Waterproof Laptop Backpack/Office Bag/School Bag/College Bag/Business Bag/Unisex Travel Backpack,₹439,3.9 out of 5 stars,31,https://www.amazon.in/LOOKMUSTER-Waterproof-Backpack-College-Business/dp/B0BZW8KW18
Gear CarryOn 16L Foldable Water Resistant School Bag//Backpack/College Bag for Men/Women - Blue Black,₹224,3.7 out of 5 stars,"6,823",https://www.amazon.in/GEAR-Black-Blue-Backpack-years/dp/B019HA8AYG
"Mi Step Out 12 L Mini Backpack (Small Size, Black, Water Repellant)",₹398,4.1 out of 5 stars,"9,457",https://www.amazon.in/Backpack-Small-Black-Water-Repellant/dp/B088XB5XY8
Safari Quill Large Laptop Backpack 26 Ltrs Water Resistant Fabric - Black,₹899,3.9 out of 5 stars,969,https://www.amazon.in/Safari-Laptop-Backpack-Resistant-Fabric/dp/B09B25Z8M2
Sfane Polyester 23cms Duffle/Shoulder/Gym Bag for Men & Women with Separate Shoe Compartment (Grey),₹427,4.3 out of 5 stars,"7,619",https://www.amazon.in/SFANE-Duffel-Shoulder-Women-Compartment/dp/B07XXFB9CZ
"Safari Flash Casual Backpack, 26 ltr Water Resistant Travel Bags| Weight Polyester Bagpack for Men and Women, Spacious Shoulder Bag for College, Office, Travelling and Camping",₹799,3.8 out of 5 stars,"2,969",https://www.amazon.in/Safari-Backpack-Resistant-Polyester-Travelling/dp/B09B29F66W
Safari Quill Large Laptop Backpack 26 Ltrs Water Resistant Fabric - Blue,₹899,4.0 out of 5 stars,711,https://www.amazon.in/Safari-Laptop-Backpack-Resistant-Fabric/dp/B09B28TKLG
Martucci 15.6 inch 30 L Casual Waterproof Laptop Backpack/Office Bag/School Bag/College Bag/Business Bag/Unisex Travel Backpack(Black),₹549,3.9 out of 5 stars,"7,659",https://www.amazon.in/Martucci-Casual-Travelling-Laptop-Backpack/dp/B088B4P6ZW
NIVIA Basic Duffle Polyester Bag/Gym Bags/Adjustable Shoulder Bag for Men/Duffle Gym Bags for Men/Fitness Bag/Carry Bags/Sports & Travel Bag/Sports Kit/Duffle Bags Travel,₹269,4.0 out of 5 stars,"3,676",https://www.amazon.in/Nivia-6853-Polyester-Basic-Duffle/dp/B07FWQ9HRV
Arctic Fox 15 Liters Draw String Bag Lavender Backpack,₹229,4.3 out of 5 stars,"3,387",https://www.amazon.in/Arctic-Fox-Liters-String-Backpack/dp/B08L6Q9V1H
"Fur Jaden 55 LTR Rucksack Travel Backpack Bag for Trekking, Hiking with Shoe Compartment",₹849,4.3 out of 5 stars,"5,467",https://www.amazon.in/Rucksack-Travel-Backpack-Trekking-Compartment/dp/B07YDGQQN5
"WILDHORN 31L Laptop Backpack for Men/Women I Fits upto 15.6"" Laptop I Waterproof I Travel/Business/College Bookbags",₹599,4.0 out of 5 stars,"1,446",https://www.amazon.in/WILDHORN-Backpack-Compartment-Business-Stitching/dp/B09QL81ZHB
Gear Cello Classic Anti Theft Faux Leather 20 Ltrs Navy Laptop Backpack (LBPCLSLTH0519),₹987,4.4 out of 5 stars,"6,492",https://www.amazon.in/Gear-Classic-Leather-Backpack-LBPCLSLTH0519/dp/B07G4JQX2F
"TRUE HUMAN® Emperor Anti-Theft Pocket backpack With USB charging Port Laptop,office,college,travel bag for men and women(Epower)",₹680,3.6 out of 5 stars,179,https://www.amazon.in/TRUE-Emperor-Anti-Theft-backpack-charging/dp/B0BYB631NR
Bennett™ Mystic Unisex Adult Men's Laptop Bag 15.6 inch Side Shoulder Briefcase Satchel Messenger Business Bags for Men & Women Front Pocket for Laptop Accessories - Black (6 Month Warranty),₹512,4.0 out of 5 stars,"6,184",https://www.amazon.in/BennettTM-Shoulder-Messenger-Repellent-Charcoal/dp/B09CV24TMK
"Safari Spartan 21 Ltrs Water Resistant Backpack - Teal, S (SPARTAN19CBTEA)",₹599,3.8 out of 5 stars,896,https://www.amazon.in/Safari-Spartan-Water-Resistant-Backpack/dp/B09B277CR5
"FATMUG Laptop Bag For Men - Convertible Backpack For Office And Travel (Dark Grey,Oxford Fabric)","₹1,599",4.4 out of 5 stars,"2,165",https://www.amazon.in/FATMUG-Laptop-Bag-Men-Convertible/dp/B084LF4RT5
Arctic Fox Slope Anti Theft 23 L Backpack with USB Charging Port 15 Inch Laptop Backpack (Marble Black),"₹1,439",4.5 out of 5 stars,"4,024",https://www.amazon.in/Arctic-Fox-Backpack-Charging-Laptop/dp/B089QBD333
"FUR JADEN 15.6 Inch Smart Laptop Backpack Bag With USB Charging Port, Anti Theft Pocket and Accessories Organiser for Men Women Boys Girls","₹1,329",4.1 out of 5 stars,559,https://www.amazon.in/FUR-JADEN-Backpack-Accessories-Organiser/dp/B0BSHBH9K2
FUR JADEN Anti Theft Backpack 15.6 Inch Laptop Bag with USB Charging Port For Men Women Boys Girls,₹839,4.0 out of 5 stars,"13,798",https://www.amazon.in/Fur-Jaden-Black-Waterproof-Backpack/dp/B078GLXMDY
"Walkent Stylish 15.6"" Laptop Bag (Model Ritzy) Hi-Quality PU, Waterproof, Anti Theft, External USB, Scratch Resistant for Office College Men Women","₹2,809",4.3 out of 5 stars,118,https://www.amazon.in/Ritzy-Waterproof-Hi-Quality-External-Resistant/dp/B09Q172X7J
"AirCase Laptop Bag Backpack Case Pouch for Laptop Backpack for Men & Women,Premium Vegan Leather",₹929,3.8 out of 5 stars,856,https://www.amazon.in/AirCase-C34-Laptop-Backpack-Women/dp/B07QN4KXWG
Safari Sheild 26 Ltrs Water Resistant Casual Backpack - (SHEILD19CBBLK),₹699,3.9 out of 5 stars,"1,102",https://www.amazon.in/Safari-Sheild-Resistant-Casual-Backpack/dp/B09B26T7KQ
Zipline Unisex casual polyester 36 L Backpack School Bag Women Men Boys Girls children Daypack College Bag Book School Sports Bag Weekend Bag,₹843,4.0 out of 5 stars,"6,082",https://www.amazon.in/ZIPLINE-Polyester-Backpack-Children-Daypack/dp/B07XVMR33Q
"Lenovo 15.6"" Casual Backpack B210",₹749,4.1 out of 5 stars,"18,648",https://www.amazon.in/Lenovo-Laptop-Backpack-15-6-Inch-GX40Q17225/dp/B075Y72PHZ
"Safari Sneak Casual Backpack with USB Charging Port 26 Ltrs Water Resistant Fabric - Grey, L (SNEAK19CBGRE)",₹949,3.8 out of 5 stars,"1,017",https://www.amazon.in/Safari-Casual-Backpack-Charging-Resistant/dp/B09B2581S9
ADISA 31 Ltrs Casual Backpack School College Bag Pack,₹399,3.8 out of 5 stars,124,https://www.amazon.in/ADISA-Casual-Backpack-College-BP046-NAV_Navy/dp/B0BX3QFVSM
Wesley Milestone 15.6 inch 25 L Casual Waterproof Laptop Backpack/Office Bag/School Bag/College Bag/Business Bag/Unisex Travel Backpack (Black),₹448,4.3 out of 5 stars,"13,084",https://www.amazon.in/Wesley-Milestone-Waterproof-Backpack-Business/dp/B07NJRPJ6Q
"Storite Dust & Rain Cover for Backpack with Pouch, Waterproof Dustproof Rain Cover Bag Elastic Adjustable for School, College,Office, Trekking Bags (30L-35L,Black)",₹199,4.6 out of 5 stars,18,https://www.amazon.in/Storite-Backpack-Waterproof-Dustproof-Adjustable/dp/B0C7ZWNBJZ
"Mi Step Out 12 L Mini Backpack (Small Size, Red, Water Repellant)",₹319,4.1 out of 5 stars,"9,457",https://www.amazon.in/Step-Backpack-Small-Water-Repellant/dp/B088XG77KN
Genie Flamenco2 Casual Backpacks for Women,₹729,4.3 out of 5 stars,"1,507",https://www.amazon.in/Genie-Flamenco2-Backpack-Compatible-Resistant/dp/B08YF9VHTY
DEIN KLEIDER Men's Nylon Messenger Bag,₹349,4.0 out of 5 stars,"5,131",https://www.amazon.in/Kleider-Travel-Business-Messenger-Shoulder/dp/B084ZHP97M
"STRABO Cooper for Boys Girls Stylish Men and Women Casual 15"" inch 25L CANVAS Laptop BACKPACK | Office, College, Travel Bag",₹699,4.4 out of 5 stars,50,https://www.amazon.in/STRABO-Cooper-Laptop-Bag-Capacity/dp/B0BX9SVT1D
NORTH ZONE Lightweight school bags Backpacks for Boys Girls Stylish men and women Casual Travel Laptop Bag College office,₹470,3.9 out of 5 stars,828,https://www.amazon.in/NORTH-ZONE-Lightweight-Backpacks-Stylish/dp/B0BL3SPN16
American Tourister Casual Backpack,"₹1,249",4.2 out of 5 stars,"4,049",https://www.amazon.in/American-Tourister-AMT-SCH-BAG02/dp/B07CGLDV2C
Half Moon Large 37L Laptop Bag Backpack for menं Women Boys and Girls Luggage Travel Bags with 17.3 inches Laptop Compartment & Rain Cover,₹849,3.9 out of 5 stars,"3,218",https://www.amazon.in/Half-Moon-Resistant-Backpack-Compartment/dp/B0BHX7GY16
Bennett™ Mystic Formal Business Briefcase Bag Crossbody Messenger College Bags For Men Women MacBook INoteBook ITablet Laptop Upto 15.6 Inch | Handbags with Shoulder Straps (Blue) 6 Months Warranty,₹512,4.0 out of 5 stars,"6,184",https://www.amazon.in/Bennett-Mystic-Shoulder-Messenger-Repellent/dp/B08X2T2M8G
Tommy Hilfiger Joshua Laptop Backpack,"₹2,079",4.2 out of 5 stars,342,https://www.amazon.in/Hilfiger-Joshua-Backpack-TH-JOSHUALAP01/dp/B07N8GRWTZ
Bagneeds Men's Black Synthetic Leather Briefcase Best Laptop Messenger Bag Satchel for Men,₹759,4.1 out of 5 stars,"4,488",https://www.amazon.in/Bagneeds-Synthetic-Leather-Briefcase-Messenger/dp/B0855F8174
"Wooum Crossbody Sling Bag - Durable Shoulder Bag with Adjustable Strap One Side Bag for Commuting Travel Outdoor Activities Cycling - Sling Bag Travel Hiking Chest Bag Daypack – Colour Black-Grey – (Pack of 1 Bag) - Unisex Cross Body Backpack for Travel, College, Tuition",₹379,3.7 out of 5 stars,10,https://www.amazon.in/Wooum-Crossbody-Sling-Bag-Adjustable/dp/B0C1K59WV5
NORTH ZONE Casual Waterproof Laptop Backpack/Office Bag/School Bag/College Bag/Business Bag/Travel Backpack (Dimensions:13x18 inches) (Compatible with 39.62cm(15.6inch laptop) 30 L,₹499,4.0 out of 5 stars,474,https://www.amazon.in/NORTH-ZONE-Waterproof-Backpack-Dimensions/dp/B0BS6QM2GD
"American Tourister VALEX BLUE LAPTOP BACKPACK 28 Ltrs,Volume, LAPTOP COMPARTMENT, BOTTLE POCKET, FRONT ORGANIZER","₹1,399",4.2 out of 5 stars,506,https://www.amazon.in/American-Tourister-BACKPACK-COMPARTMENT-ORGANIZER/dp/B0BTD4FK9G
"Wesley Unisex Milestone Casual Waterproof Laptop Office School College Business Travel Backpack 25 L (Dimensions: 12.5x18 inches) (Compatible with 15.6 inch laptops), Navy Blue",₹448,4.3 out of 5 stars,"13,084",https://www.amazon.in/Wesley-Milestone-Waterproof-Backpack-Business/dp/B07K8KLB3P
EXOTIC Women's Sling Bag,₹450,4.2 out of 5 stars,"2,486",https://www.amazon.in/Exotic-Sling-Womens-Girls-Grey/dp/B092VSZ69M
ADISA 32 Ltrs Water Resistant Casual Travel Bagpack/College Backpack/School Office Bag for Men and Women,₹499,4.0 out of 5 stars,"4,019",https://www.amazon.in/ADISA-BP010-Weight-Casual-Backpack/dp/B07NPW84SS
Half Moon Strike 35L Unisex Spacious School/Laptop/College/Office Travel Backpack Bag for Men Women Boys & Girls with 15.6 inch Padded Laptop Compartment & Multiple Pockets,₹699,3.8 out of 5 stars,574,https://www.amazon.in/Half-Moon-Resistant-Backpack-Compartment/dp/B0BLVQ9NTD
Zipline Unisex Casual Polyester 36 L Backpack School Bag Women Men Boys Girls Children Daypack College Bag Book School Sports Bag,₹843,3.6 out of 5 stars,927,https://www.amazon.in/Zipline-Nexa-Resistant-Bagpack-Backpack/dp/B08WQ668WJ
DZert Kids School Bag Soft Plush Backpacks Cartoon Boys Girls Baby (2-5 Years),₹249,3.7 out of 5 stars,"11,931",https://www.amazon.in/DZert-Panda-School-Backpacks-Cartoon/dp/B07WSBV3BN
URBAN CARRIER School Bag For girls school bags for boys Class 5-10 Large 4 partition 45 L Laptop Collage Office Travel Unisex Backpack,₹431,3.5 out of 5 stars,946,https://www.amazon.in/School-school-partition-Collage-Backpack/dp/B09NNYCQ1Q
NIVIA Deflate Round 01 Polyester Gym Bag/Unisex Gym Bags/Adjustable Shoulder Bag for Men/Duffle Gym Bags for Men/Carry Gym Accessories/Fitness Bag/Sports &Travel Bag/Gym kit Bag,₹439,4.2 out of 5 stars,"7,459",https://www.amazon.in/Nivia-Deflate-5180BK-Polyester-Round/dp/B07222KX3S
Lavie Sport Lino M Duffle Wheeler Bag for Travel | 2 Wheel Luggage Bag | Travel Bag with Adjustable Handle,₹749,3.8 out of 5 stars,"3,269",https://www.amazon.in/Lavie-Sport-Duffle-Luggage-Wheeler/dp/B0992JCN1W
Gear Cello 26 Ltrs Navy Blue and Beige Casual Backpack (BKPTRMP520522),₹838,4.2 out of 5 stars,"5,668",https://www.amazon.in/Gear-Beige-Casual-Backpack-BKPTRMP520522/dp/B00VWM11HQ
ADISA Light Weight Laptop Backpack 32 Ltrs,₹499,4.0 out of 5 stars,"6,013",https://www.amazon.in/ADISA-BP005-Weight-Casual-Backpack/dp/B07F3X45WZ
"POLESTAR Vintage 15.6 inch 32 LTR Casual Laptop Backpack/Office Bag/School Bag/College Bag/Business Bag/Unisex Backpack, Water Resistant and Light Weight, 1 year Warranty",₹549,3.9 out of 5 stars,"9,026",https://www.amazon.in/POLESTAR-Vintage-Laptop-Backpack-bagpack/dp/B081GSQ9D9
F Gear Luxur Brown 25 liter Laptop Backpack (2404),"₹1,162",4.4 out of 5 stars,"16,960",https://www.amazon.in/F-Gear-Luxur-Brown-Backpack/dp/B01F7AX9ZA
Lenovo 15.6-inch Casual Laptop Briefcase T210,₹979,4.2 out of 5 stars,"20,388",https://www.amazon.in/Lenovo-Carrying-15-6-Inch-Toploader-GX40Q17229/dp/B075Y6Y9H5
Half Moon 45L Hammer Waterproof Laptop Travelling Rucksack Trekking Backpack for Travel Journey bags for Men Women Boys & Girls with 17.3inch Laptop Compartment & Rain cover,"₹1,399",4.1 out of 5 stars,"1,361",https://www.amazon.in/Half-Moon-Trekking-Bags-Compartment/dp/B08PSX1LN9
POLICE Backpack for Men Casual Laptop Bag Office/Travel/College 30 Ltr Hedge Polyester - Black,"₹1,399",4.1 out of 5 stars,"5,731",https://www.amazon.in/Police-Polyester-laptop-casual-backpack/dp/B09CQ5T3LN
"Luv Lap LuvLap Baby Breast Milk Storage Bags (Pack of 25), BPA Free Disposable Milk Freezer Bags for Breast Feeding, Transparent",₹349,4.4 out of 5 stars,708,https://www.amazon.in/Storage-Disposable-Freezer-Feeding-Transparent/dp/B099ZZ57FT
Lavie Women's Nova Tote Bag | Ladies Purse Handbag,₹929,4.2 out of 5 stars,"8,589",https://www.amazon.in/YuvKuz-TM-Infocus-Digitizer-Assembly/dp/B07MXNWTB2
"Genie Heartbeat Backpack for Women 3 compartments, School Bags for Girls, Stylish and Trendy College Backpacks for Girls, Water Resistant and Lightweight Bags for Office and Travelling Purpose.",₹999,4.5 out of 5 stars,268,https://www.amazon.in/Genie-Heartbeat-compartments-Lightweight-Travelling/dp/B097JJFF6Z
"LIBRA LED Motorcycle Hard Shell Backpack, Waterproof Backpack with Programmable and Color Screen, DIY Smart LED Display, Travel Backpack, Laptop Bag for Men","₹24,889",4.0 out of 5 stars,1,https://www.amazon.in/LIBRA-Motorcycle-Backpack-Waterproof-Programmable/dp/B0C944JRPV
F Gear Miles Guc Black Sports Waist Bag (3681),₹449,4.4 out of 5 stars,430,https://www.amazon.in/F-Gear-Miles-Guc-Black-Waist-Bag/dp/B08NYGBDB8
"Lunar's V-Line Backpack for Men, Blue | 35L Water Resistant School Bags for Boys | Stylish, & Durable | College Bags for Men/College Bag for Girls | 1 Yr Warranty",₹799,4.1 out of 5 stars,"2,629",https://www.amazon.in/Lunars-V-Line-Resistant-Bagpack-College/dp/B08BP5CYDV
Gear Vintage2 28L Faux Leather Water Resistant Anti Theft Laptop Bag/Backpack for Men/Women (Black),₹979,4.4 out of 5 stars,"1,837",https://www.amazon.in/Gear-Vintage2-Leather-Backpack-LBPVG2LTH0101/dp/B07G44G1DC
"RNTR® Cosmetic Pouch, Make up Bag for Home & Travel, Toiletry Bag for Cosmetics, Brushes, Accessories Set of 3 - Wash Bag - Light Pink and Black (Pink)",₹489,4.7 out of 5 stars,93,https://www.amazon.in/Cosmetic-Toiletry-Cosmetics-Brushes-Accessories/dp/B0C74Q2YWS
"WILDHORN 31L Laptop Backpack for Men/Women I Fits upto 15.6"" Laptop I Waterproof I Travel/Business/College Bookbags",₹599,4.0 out of 5 stars,"1,446",https://www.amazon.in/WILDHORN-Backpack-Compartment-Business-Stitching/dp/B09QL66G55
Half Moon Large 37L Laptop Bag Backpack for menं Women Boys and Girls Luggage Travel Bags with 17.3 inches Laptop Compartment & Rain Cover,₹849,3.9 out of 5 stars,"3,218",https://www.amazon.in/Half-Moon-Resistant-Backpack-Compartment/dp/B0BJ32LQ6X
Bennett™ Mystic 15.6 inch (39.6cm) Laptop Briefcase Shoulder Sling Office Business Professional Travel Messenger Bag for Men and Women Water Repellent Formal Executive Bags (Grey) 6 Months Warranty,₹512,4.0 out of 5 stars,"6,184",https://www.amazon.in/BennettTM-Mystic-Shoulder-Messenger-Repellent/dp/B09321GJXZ
ADISA Laptop Backpack 31 Ltrs,₹499,4.0 out of 5 stars,"8,962",https://www.amazon.in/ADISA-BP004-Weight-Casual-Backpack/dp/B07G3CG9FC
F Gear Blackhawk 40 Ltrs Black Laptop Backpack (3178),"₹1,430",4.3 out of 5 stars,"1,035",https://www.amazon.in/F-Gear-Blackhawk-Black-Laptop-Backpack/dp/B07XMRGQCM
"TABELITO Casual Laptop Backpack 15.6-inch, 25 LTR Water Repellent",₹549,4.0 out of 5 stars,682,https://www.amazon.in/Tabelito-Laptop-Backpack-15-6-inch-Repellent/dp/B08Y5S6C2P
"FUR JADEN Travel Laptop Backpack, Business Backpacks with USB Charging Port, Water Resistant College School Computer Bag for Men & Women Fits Under 15.6 inch Laptop and Notebook",₹949,4.3 out of 5 stars,480,https://www.amazon.in/Backpack-Business-Backpacks-Charging-Resistant/dp/B094DGX84G
"FATMUG Polyester Foldable Duffle Travel Bag Luggage For Travel, Packing And Storage - Men And Women - (60 L, Black)","₹1,099",4.2 out of 5 stars,"1,405",https://www.amazon.in/FATMUG-Foldable-Luggage-Packing-Storage/dp/B07YFNXC3H
ADISA 32L Large Laptop Backpack Office Bag College Travel Back Pack with rain Cover (Grey),₹699,3.8 out of 5 stars,261,https://www.amazon.in/ADISA-Laptop-Backpack-Office-College/dp/B0BPVLXD53
"Dyazo Water Resistant Camera Bag/Case Shoulder Strap Space for Photography Lens and Accessories Compatible for Nikon, Canon, Sony, Panasonic, Samsung & Other SLR/DSLR etc (Black & Silver)",₹799,4.4 out of 5 stars,414,https://www.amazon.in/Resistant-Photography-Accessories-Compatible-Panasonic/dp/B0BRJLWQ6R
Red Lemon Swisslook Polyester Bange Series 45L 15.6-inch Laptop Bags Backpack for Men and Women Semi Waterproof USB with Anti Theft Pocket Travel Backpack,"₹2,839",4.3 out of 5 stars,"1,704",https://www.amazon.in/Swisslook-Polyester-15-6-inch-Backpack-Waterproof/dp/B07XYTZP4Z
"Amazon Basics Laptop Messenger Bag with Adjustable Shoulder Strap, Padded Compartment & Storage Pockets, Lightweight, Water-Resistant, Travel-Friendly, Fits Up To 15.6"" Laptops (Unisex, Black & Grey)",₹799,4.7 out of 5 stars,984,https://www.amazon.in/Adjustable-Compartment-Lightweight-Water-Resistant-Travel-Friendly/dp/B0C3RDFPVN
ZOUK Mughal Art Printed Handmade Vegan Leather Women's Office Bag for 15.6 inch Laptop with Double Handles,"₹1,689",4.2 out of 5 stars,105,https://www.amazon.in/ZOUK-Womens-Office-Bag-Multicolour/dp/B09DF2NPCS
ADISA 31 Ltrs Casual Backpack School College Bag Pack,₹399,3.8 out of 5 stars,124,https://www.amazon.in/ADISA-Casual-Backpack-College-BP046-Black/dp/B0BXJRQRJM
"SPENZ BAGS Travel Laptop Backpack for Women & Men|Carry On Bag, College & School Students Bookbag With Raincover",₹999,4.2 out of 5 stars,120,https://www.amazon.in/SPENZ-BAGS-Backpack-Raincover-Baby-Pink/dp/B0C3RNFHHV
Wildcraft Work Packs'18 21 Ltrs Black Laptop Backpack (Streak Plus),"₹1,374",4.4 out of 5 stars,"1,976",https://www.amazon.in/Wildcraft-Packs18-Laptop-Backpack-Streak/dp/B07FC4D9B5
F Gear Colorado Grey Orange 39 Ltrs Laptop Backpack (3814),₹895,4.2 out of 5 stars,207,https://www.amazon.in/Gear-Colorado-Orange-Laptop-Backpack/dp/B097K6KD7W
Tommy Hilfiger Connor Laptop Backpack,"₹1,649",4.1 out of 5 stars,127,https://www.amazon.in/Hilfiger-Connor-Backpack-TH-CONNORLAP07/dp/B07N99SXB1
Dybbuk 25 Ltrs Laptop Backpack for Office & Travel Use for Men & Women | Water Resistance Bag | Fit Up to 15.6-inch Laptop,₹399,2.0 out of 5 stars,2,https://www.amazon.in/Dybbuk-Laptop-Backpack-Resistance-15-6-inch/dp/B0C5HLBY7D
Lunar's Bingo - 48 L Laptop Office/School/Travel/Business Backpack Water Resistant - Fits Up to 15.6 Inch Laptop Notebook with 1 Year Warranty,₹899,3.9 out of 5 stars,"9,890",https://www.amazon.in/Lunars-Bingo-Laptop-Resistant-48L/dp/B08YZ5XY31
"PAZZO Alto 40L Casual Backpack - 3 Compartment Travel Backpack, College|School Bag with 1 Year Warranty",₹849,4.0 out of 5 stars,"1,767",https://www.amazon.in/PAZZO-Alto-40L-Casual-Backpack/dp/B07VT3F795
NORTH ZONE Casual Waterproof Laptop Backpack/Office Bag/School Bag/College Bag/Business Bag/Travel Backpack (Dimensions:13x18 inches) (Compatible with 39.62cm(15.6inch laptop) 30 L (Blue & black),₹486,4.5 out of 5 stars,2,https://www.amazon.in/Waterproof-Backpack-College-Business-Dimensions/dp/B0BW95MXRJ
DZert Kids School Bag Soft Plush Backpacks Cartoon Boys Girls Baby (2-5 Years),₹249,3.8 out of 5 stars,"12,606",https://www.amazon.in/DZert-Fabric-Multicolour-Spiderman-Printed/dp/B07BNS3KNX
Half Moon 34 L Water Resistant 15.6 inch Laptop Bag/Backpack for Men Women Boys Girls/Office School College with Padded Laptop Compartment (Grey),₹699,3.9 out of 5 stars,"1,339",https://www.amazon.in/Half-Moon-Resistant-Backpack-Compartment/dp/B09GG53CSL
Martucci Jersey 45L Casual Waterproof Laptop Backpack/Office Bag/School Bag/College Bag/Business Bag/Unisex Travel Backpack,₹809,3.7 out of 5 stars,154,https://www.amazon.in/Martucci-Waterproof-Backpack-College-Business/dp/B0BRJRVH6D
"Amazon Basics Slope Basics Black Anti-theft 15.6 inches Laptop Bag, Office/College Backpack",₹869,4.5 out of 5 stars,212,https://www.amazon.in/Amazon-Basics-Anti-theft-College-Backpack/dp/B0C8NWKRRH
"MuscleBlaze Gym Duffle Bag for Women and Men, Sports Bag, Weekender Bag, Black, 30 L",₹449,5.0 out of 5 stars,4,https://www.amazon.in/MuscleBlaze-Duffle-Women-Sports-Weekender/dp/B0C8BBNB8B
HAMMONDS FLYCATCHER Laptop Bag for Men - Genuine Leather Messenger Shoulder Bag - Fits 14/15.6/16 Inch Laptops - Brown Office Bag - Multiple Pockets -Water Resistant -Executive Bag for Work and Travel,"₹5,255",4.4 out of 5 stars,571,https://www.amazon.in/Hammonds-Flycatcher-Leather-Messenger-LB190BRN/dp/B083M1QK32
Zipline Unisex Casual Polyester 36 L Blue Backpack School Bag Women Men Boys Girls College Bag,₹843,3.6 out of 5 stars,112,https://www.amazon.in/ZIPLINE-Polyester-Backpack-College-Outdoor/dp/B09XN3YD4Q
"Lenovo 15.6"" Professional Backpack, Made in India, Water-resistant,Uncompromised storage, Travel friendly:Fleece-lined PC compartment,Vented,Padded BackPanel & Adjustable shoulder straps,Luggage strap",₹700,4.2 out of 5 stars,902,https://www.amazon.in/Lenovo-Professional-Backpack-Water-resistant-Uncompromised/dp/B08R7S55H4
CAPRIFF 32 L Casual Waterproof Laptop Bag/Backpack for Men Boys & Girls For Office School College Teens & Students with Rain Cover With adjustable Strap With 2 Compartment,₹539,3.8 out of 5 stars,"3,100",https://www.amazon.in/Capriff-Liters-Collage-travell-Backpack/dp/B084T7X2HX
CAPRIFF 32 L Casual Waterproof Laptop Bag/Backpack for Men Boys & Girls For Office School College Teens & Students with Rain Cover With adjustable Strap With 2 Compartment,₹699,3.8 out of 5 stars,"3,100",https://www.amazon.in/Waterproof-Backpack-Students-adjustable-Compartment/dp/B09V5HRYR7
"URBAN TRIBE Havana Laptop Backpack for Men & Women | Laptop Bag 15.6 inch | Office Work/Casual/College Bag | Black, 27L",₹939,3.9 out of 5 stars,782,https://www.amazon.in/Urban-Tribe-Laptop-Backpack-Havana/dp/B01LXNNFDF
Wildcraft 35 Ltrs Casual Backpack (11619-Blue),"₹1,298",4.2 out of 5 stars,234,https://www.amazon.in/Wildcraft-Typo_Blu-Casual-Backpack-11619-Typo_Blu/dp/B079DDV3JD
"Meek HP Executive Essential Laptop Bag, 17.5Inch Padded Backpack Lightweight Bag - Grey Black",₹999.99,5.0 out of 5 stars,2,https://www.amazon.in/Meek-Executive-Essential-17-5Inch-Lightweight/dp/B0C7WKWTZJ
Impulse rucksack bags 60 litres travel bag for men tourist bag for travel backpack for hiking trekking Bag for men camping thames blue bag with 1 Year Warranty,₹999,4.0 out of 5 stars,339,https://www.amazon.in/Impulse-rucksack-60-backpack-trekking/dp/B09TDL9FJ8
NORTH ZONE Lightweight school bags Backpacks for Boys Girls Stylish men and women Casual Travel Laptop Bag College office,₹598,3.9 out of 5 stars,828,https://www.amazon.in/NORTH-ZONE-Lightweight-Backpacks-Stylish/dp/B0BL3S5NC1
Gear Classic 20L Faux Leather Water Resistant Anti Theft Laptop Bag/Backpack for Men/Women-Tan,₹979,4.4 out of 5 stars,"2,484",https://www.amazon.in/Classic-Leather-Laptop-Backpack-LBPCLSLTH1901/dp/B07G4CYC74
"COSMUS Madison waterproof Multipurpose Backpack With laptop compartment , 33L","₹1,375",4.2 out of 5 stars,"2,267",https://www.amazon.in/COSMUS-Multipurpose-Backpack-Bag-compartment/dp/B078JVT384
"DIVULGE Multi Utility Drawstring Bag (Black , 16 L)",₹155,4.0 out of 5 stars,"1,139",https://www.amazon.in/DIVULGE-Drawstring-Bag-Sports-Utility/dp/B07PXTDBH4
Red Lemon Swisslook Polyester Bange Series 45L 15.6-inch Laptop Bags Backpack for Men and Women Semi Waterproof USB with Anti Theft Pocket Travel Backpack,"₹2,839",4.3 out of 5 stars,"1,705",https://www.amazon.in/Swisslook-Polyester-15-6-inch-Backpack-Waterproof/dp/B07XYTZP4Z
Half Moon Aztec 37L School Bag Class 5-12 | College Bagpack for Men/College Back pack for Women | 15.6 inch Laptop Bag for Men/Backpack for Men | Spacious & Multiple Pockets,₹599,3.7 out of 5 stars,148,https://www.amazon.in/Half-Moon-Backpack-Spacious-Multiple/dp/B0C6N3MYL2
Trajectory 15.6 Inch Vegan Leather Messenger Laptop bag for men in Office for all laptop like Apple MacBook with 2 Years Warranty and Spacious Multiple Compartment with Expandable Bottom Used as Shoulder and Handbag for Men,"₹1,399",4.1 out of 5 stars,474,https://www.amazon.in/Trajectory-Elegant-15-6-Laptop-Office/dp/B09RK6NCGC
"Sfane Polyester 9.05 Black Men & Women Trendy Black Sports Duffle Gym Bag, Shoulder Bag",₹359,4.2 out of 5 stars,"1,231",https://www.amazon.in/Sfane-Women-Trendy-Black-Duffel/dp/B07GCR84D9
Asus BP1504 39.62 cm (15.6-inch) Laptop Backpack (Dark Grey),₹819,4.2 out of 5 stars,"1,692",https://www.amazon.in/Asus-BP1504-15-6-inch-Laptop-Backpack/dp/B0895ZZHKK
Dell Laptop bag,"₹2,499",4.2 out of 5 stars,181,https://www.amazon.in/Yours-Choice-Briefcase-Messenger-Detachable/dp/B0B6PF1L69
"POLESTAR Ranker 15.6 inch 32 LTR Casual Laptop Backpack/Office Bag/School Bag/College Bag/Business Bag/Unisex Backpack, Water Resistant and Light Weight, 1 year Warranty",₹669,4.1 out of 5 stars,"7,565",https://www.amazon.in/POLESTAR-Ranker-Casual-Bagpack-Backpack/dp/B08421BRQ2
"Veneer Medium 20 L Laptop Backpack Men Womens Girls Fashion PU Leather Mini Casual Backpack Bags for School, College, Tuition, Office Bag",₹998,4.2 out of 5 stars,928,https://www.amazon.in/Veneer-Backpack-Fashion-Leather-College/dp/B09BMG8R6Y
Half Moon Valex Unisex School Bag/Laptop Backpack/College Bagpack/Office Back Packed | Laptop Bag for Men & Women | School Bags for Boys & Girls with Small Pockets & Laptop Compartment,₹649,3.7 out of 5 stars,60,https://www.amazon.in/Half-Moon-Laptop-Bag-Compartment/dp/B0C1NZLF67
"uppercase Apex Professional Laptop Backpack (15.6 Inch) 3x more water resistant sustainable bags with rain proof zippers for Men, Women, Boys and Girls, 750 Days warranty","₹1,800",4.3 out of 5 stars,66,https://www.amazon.in/uppercase-Professional-Backpack-resistant-sustainable/dp/B0BWNBQXDZ
Half Moon Aztec 37L School Bag Class 5-12 | College Bagpack for Men/College Back pack for Women | 15.6 inch Laptop Bag for Men/Backpack for Men | Spacious & Multiple Pockets,₹649,3.7 out of 5 stars,148,https://www.amazon.in/Half-Moon-Backpack-Spacious-Multiple/dp/B0C23Z9W18
Half Moon Strike 35L Unisex Spacious School/Laptop/College/Office Travel Backpack Bag for Men Women Boys & Girls with 15.6 inch Padded Laptop Compartment & Multiple Pockets,₹699,3.5 out of 5 stars,18,https://www.amazon.in/Half-Moon-Spacious-Backpack-Compartment/dp/B0C23BYDML
ADISA 32L Large Laptop Backpack Office Bag College Travel Back Pack with rain Cover (Green),₹646,3.8 out of 5 stars,261,https://www.amazon.in/ADISA-Laptop-Backpack-Office-College/dp/B0BPVCBFM7
"HARISSONS Bags Vervo 15.6-inch Laptop/Travel/Casual Backpack for Men and Women with Rain Cover (Black, 40 Ltrs) | Quick Access Zippered Pocket, Detailed Organizers & a Detachable Key Chain Holder","₹2,960",4.3 out of 5 stars,"1,999",https://www.amazon.in/Harissons-Vervo-Laptop-Backpack-Built/dp/B07M5P5LW3
"MosQuick® Clear large Drawstring Bags Clear Plastic Travel Bags, Travel Garments Organizing Storage Plastic Bags ,Shoe bags , Stationery Bag,multipurpose bag - Translucent",₹310,4.0 out of 5 stars,69,https://www.amazon.in/MosQuick%C2%AE-Drawstring-Organizing-Stationery-multipurpose/dp/B09SB42QFQ
Martucci Large 35 L Backpack Spacy Unisex/College/School/Travel Backpack with Rain Cover and Reflective Strip,₹746,4.0 out of 5 stars,"1,217",https://www.amazon.in/Martucci-Laptop-Backpack-College-Reflective/dp/B0B7DT6HY3
"EUME Virgo 3 Compartment Office and College Bags, Polyester Casual Daypacks, Laptop Backpacks","₹1,199",4.2 out of 5 stars,297,https://www.amazon.in/EUME-Virgo-29Ltr-Laptop-Backpack/dp/B08R563J3T
Skybags 22 ltrs (16 Cms) backpack(BPFLE22EBTH_Blith),₹904,4.1 out of 5 stars,33,https://www.amazon.in/Skybags-Unisex-Blith-Jacquard-Backpacks/dp/B0B21Z3DBD
18 L Multicolour Printed Drawstring Polyester Multi Utility Bag for Sports/Gym/Yoga/College/Casual Backpack – Light Weight/Washable,₹199,4.4 out of 5 stars,6,https://www.amazon.in/Multicolour-Printed-Drawstring-Polyester-Backpack/dp/B09ZL3SCTQ
Aristocrat Unisex Black Oxford Fabric 28.82L Laptop Bags,₹760,3.5 out of 5 stars,62,https://www.amazon.in/Aristocrat-Unisex-Oxford-Fabric-28-82L/dp/B09ZV86P4S
Gear Parker 23L Water Resistant Anti Theft Laptop Bag/Backpack for Men/Women - Black,₹644,4.3 out of 5 stars,424,https://www.amazon.in/Gear-Executive-Anti-Theft-Backpack-BKPPKREXE0101/dp/B097KCMQKG
Nivia Pulse Junior Bag (Orange),₹219,3.7 out of 5 stars,223,https://www.amazon.in/Nivia-5227-Junior-Others-Orange/dp/B08D7QKCX5
House of Quirk Baby Diaper Bag Maternity Backpack (Blue Elephant Printed),"₹1,399",4.3 out of 5 stars,"3,906",https://www.amazon.in/House-Quirk-Maternity-Backpack-Elephant/dp/B07QV7SH4S
"MOKOBARA The Work Backpack - II Black Nylon Water Resistant (16"") Laptop | Work | Travel Bag for Men and Women","₹8,999",4.0 out of 5 stars,1,https://www.amazon.in/MOKOBARA-Work-Backpack-Resistant-Reflection/dp/B0C9J8JJ6C
LOOKMUSTER Casual Waterproof Laptop Backpack/Office Bag/School Bag/College Bag/Business Bag/Travel Backpack…,₹499,3.8 out of 5 stars,35,https://www.amazon.in/LOOKMUSTER-Waterproof-Backpack-College-Business/dp/B0BS6YGKMC
F Gear Enzo Sports Waist Bag (Enzo Spruce Yellow),₹265,4.2 out of 5 stars,201,https://www.amazon.in/F-Gear-Enzo-Waist-Bag-Enzo-Spruce-Yellow/dp/B08QM71P12
NIVIA Beast Gym Bag-4 Polyester/Unisex Gym Bags/Shoulder Bag for Men & Women with Separate Shoes Compartment/Carry Gym Accessories/Fitness Bag/Sports & Travel Bag/Sports Kit (Navy Blue),₹523,3.9 out of 5 stars,110,https://www.amazon.in/Nivia-5183NB-Gym-Navy-Blue/dp/B07NJGW3WX
"Tabelito® DELTA Casual Waterproof Laptop Backpack/Office Bag/School Bag/College Bag/Business Bag/Unisex Travel Backpack (Compatible with 15.6 inch Laptop) 30 L, (6 Month Warranty)",₹599,4.6 out of 5 stars,190,https://www.amazon.in/Tabelito%C2%AE-Delta-Waterproof-Backpack-Compatible/dp/B0BLK1Z7DQ
"Chic Buddy Waterproof Wet Bag, Washable, Reusable for Travel, Beach, Pool, Stroller, Diapers, Dirty Gym Clothes, Wet Swimsuits, Toiletries",₹299,4.4 out of 5 stars,380,https://www.amazon.in/Chic-Buddy-Waterproof-Swimsuits-Toiletries/dp/B09KSBHC18
"uppercase SealPro Professional Laptop Backpack (15.6 Inch) 3x more water resistant sustainable bags with rain proof zippers & Anti-theft for Men, Women, Boys and Girls, 750 Days warranty","₹1,900",4.6 out of 5 stars,68,https://www.amazon.in/uppercase-Professional-resistant-sustainable-Anti-theft/dp/B0BR1C59R8
"Puma Laptop Backpack (7548709, Limoges, 22 Ltrs)",₹999,4.3 out of 5 stars,788,https://www.amazon.in/PUMA-Limoges-Laptop-Backpack-7548709/dp/B07D5QZ76G
DZert Clasy Laptop Bag College Bag for Boys Girls 21 L Blue White,₹339,3.8 out of 5 stars,"2,495",https://www.amazon.in/DZert-School-Polyester-Backpack-White/dp/B07GXYHFCY
"Red Lemon Swiss Cut Design 15.6 Inch Smart Laptop Backpack Bag With USB Charging Port, Anti Theft Pocket and Accessories Organiser for Men Women Boys Girls","₹1,799",4.4 out of 5 stars,"1,053",https://www.amazon.in/Red-Lemon-Capacity-Backpack-Multifunctional/dp/B09RK4BRPM
"Genie Fringe Laptop Backpack for Women, 3 compartments, Stylish and Trendy College Bags for Girls, Water Resistant and Lightweight Bags for Office and Travelling Purpose. 36 litres","₹1,299",5.0 out of 5 stars,7,https://www.amazon.in/Genie-compartments-Resistant-Lightweight-Travelling/dp/B097JJ64SH
Half Moon 30L Waterproof 15.6 inch Laptop Office School College Bag Backpack for Men Women Boys & Girls,₹589,3.7 out of 5 stars,376,https://www.amazon.in/Half-Moon-Waterproof-Laptop-Backpack/dp/B09QM9N1B3
AUXTER Faux Leather 23 Cms Duffle Bag(AUX_GB_LE_Black -SE__0521_Black),₹429,4.3 out of 5 stars,"9,246",https://www.amazon.in/AUXTER-BLACKY-Duffel-Emboss-Black/dp/B07F2H25NP
"Fast Travel 45 Ltrs, 46 cms School Bag Class 5-12 Large 4 partition Laptop Collage Office Travel Backpack Unisex",₹692,4.1 out of 5 stars,945,https://www.amazon.in/Fast-Travel-partition-Collage-Backpack/dp/B09VCQWRC4
"Chic Buddy Waterproof Wet Bag, Washable, Reusable for Travel, Beach, Pool, Stroller, Diapers, Dirty Gym Clothes, Wet Swimsuits, Toiletries",₹299,4.4 out of 5 stars,380,https://www.amazon.in/Chic-Buddy-Waterproof-Swimsuits-Toiletries/dp/B0B25B5PB6
Wooum Sling Cross Body Bag/One Side Bag/Shoulder Bag/Office Business Messenger Bag/Money Bag for Men and Women - Water Resisitance,₹328,4.0 out of 5 stars,708,https://www.amazon.in/Wooum-Resisitance-Shoulder-Business-Messenger/dp/B0993Q72WD
Lavie Sport Chairman Backpack with Laptop Sleeve | Premium Leatherette Business Backpack for Men & Women | Durable Office Bag for Notebook/MacBook,₹849,4.0 out of 5 stars,"1,246",https://www.amazon.in/Lavie-Sport-Chairman-Compatible-compartments/dp/B09YCSCRBW
Pramadda Pure Luxury Milan Casual Vegan Leather 15.6 inch Laptop Backpack for Men and Women | Stylish School College Office Travel Bagpacks | Trendy Office Laptop Bag For Men. (Classic Black),"₹1,200",4.9 out of 5 stars,11,https://www.amazon.in/Pramadda-Pure-Luxury-Backpack-Bagpacks/dp/B0C6NNPZTC
"Arctic Hunter Mens Sling Bag,Mens Shoulder Bag,Crossbody Bag for Men,Chest Bag,Daypack,Shockproof Compartment for iPad,Suitable for College,Outdoor Travels and Business Daily Use For Men, Black","₹1,399",4.4 out of 5 stars,513,https://www.amazon.in/Shoulder-Crossbody-Shockproof-Compartment-k00063-Black/dp/B09HV9QYFB
Skybags Unisex Gucci Fabric Backpacks,₹584,4.2 out of 5 stars,268,https://www.amazon.in/Skybags-Unisex-Yellow-Fabric-Backpacks/dp/B0B21XM4KX
PUMA 26 Ltrs Puma Black Laptop Backpack,"₹1,239",3.8 out of 5 stars,89,https://www.amazon.in/Puma-Black-Laptop-Backpack-7573301/dp/B07JHJCZSM
ADISA SL5038 women girls sling bag,₹564,4.1 out of 5 stars,"1,191",https://www.amazon.in/ADISA-SL5038-women-girls-sling/dp/B08Q4FHQLN
Lavie Sport Polar X Cabin Size 63 cms Wheel Duffel Bag for Travel | Travel Bag with Trolley,"₹1,399",4.0 out of 5 stars,812,https://www.amazon.in/Lavie-Sport-Polyester-Travel-BDFW223019M4/dp/B07VJSDYJY
Arctic Hunter Backpack for Men Premium Business Backpack Office Travel Laptop Bag with 15.6 Inch Laptop Pocket Water/Scratch-resistant Multiple Pocket Comfortable and Padded Backpack for Men,"₹5,999",4.4 out of 5 stars,150,https://www.amazon.in/Backpack-Business-Scratch-resistant-Multiple-Comfortable/dp/B0B6FNPN76
"Casual Waterproof Laptop Bag/Backpack for Men Women Boys Girls/Office School College Teens & Students with Free Rain Cover (18 Inch, 34litr) (Black)",₹355,3.0 out of 5 stars,1,https://www.amazon.in/Szeentp-Waterproof-Backpack-College-Students/dp/B08XWBCVZT
JAVILANT 35L Waterproof Rain & Dust Cover for Backpack with Pouch | Rain Cover for Laptop/School/College & Office Bag Black Color with Orange Print,₹219,5.0 out of 5 stars,1,https://www.amazon.in/JAVILANT-Waterproof-Backpack-Laptop-College/dp/B0C9J7CV3P
Lunar's Heritage 37L Casual Water Resistant 3 Compartment Travel Bagpack/College Backpack/School Bag (Black),₹799,4.0 out of 5 stars,874,https://www.amazon.in/Lunars-Heritage-Casual-Bagpack-College/dp/B08CBJDBH4
"Tabelito® NEXA 3O L Water Resistant Laptop/College/Office/School/Travel/Business Bag, Unisex Backpack for Men Women Fits Up to 15.6 Inch Laptop Notebook. (GREY)",₹399,4.3 out of 5 stars,75,https://www.amazon.in/Tabelito-NEXA-Backpack-Business-Compartment/dp/B0C2D4T9R5
ADISA 15.6 inch Laptop Backpack Office Bag College Travel Back Pack 32 Ltrs (z-Black),₹549,3.9 out of 5 stars,"1,015",https://www.amazon.in/ADISA-Laptop-Backpack-College-z-Black/dp/B09TPY1G1W
Gear Polyester 23 Cms Travel Bag(DUFCRSTNG4314_Khaki),₹489,4.1 out of 5 stars,531,https://www.amazon.in/Gear-Training-Travel-Duffel-DUFCRSTNG4314/dp/B098FG3GVX
Wildcraft 44 cms Polyester Black Laptop Bag (8903338054290),"₹1,448",4.3 out of 5 stars,672,https://www.amazon.in/Wildcraft-Polyester-Black-Laptop-8903338054290/dp/B012D4QKHW
"HAMMONDS FLYCATCHER Genuine Leather Laptop Bag for Men - Office Bag, Brown Color - Fits Up to 14/15.6/16 Inch Laptop/MacBook - Laptop Messenger Bags/Leather Bag for Men with Adjustable Shoulder Strap","₹2,623",4.3 out of 5 stars,"4,904",https://www.amazon.in/HAMMONDS-FLYCATCHER-Genuine-Shoulder-Messenger/dp/B07P2TQH78
"F Gear Blow Laptop Backpack With Rain Cover 32 Liters (Black,Grey) Sch Bag","₹1,099",4.3 out of 5 stars,"1,287",https://www.amazon.in/F-Gear-Blow-Laptop-Backpack/dp/B078J63VRY
ZOUK Black Floral Printed Handmade Vegan Leather Women's Office Bag for 15.6 inch Laptop with double handles - FloMotif,"₹1,689",4.3 out of 5 stars,955,https://www.amazon.in/FloMotif-Business-Shoulder-material-resistant/dp/B07NHYLTY7
18 L Attractive long lasting Printed Drawstring Polyester Multi Utility Bag for Sports/Gym/College/Yoga/Casual Backpack – Light Weight (Washable/Durability),₹199,4.0 out of 5 stars,11,https://www.amazon.in/Attractive-lasting-Drawstring-Polyester-Backpack/dp/B0B4G9XT67
"AirCase Laptop Bag Backpack Case Pouch for Laptop Backpack for Men & Women,Premium Vegan Leather",₹929,4.0 out of 5 stars,"1,077",https://www.amazon.in/AirCase-C34-Laptop-Backpack-Women/dp/B07QL8633G
NORTH ZONE Lightweight school bags Backpacks for Boys Girls Stylish men and women Casual Travel Laptop Bag College office,₹551,3.9 out of 5 stars,828,https://www.amazon.in/NORTH-ZONE-Lightweight-Backpacks-Stylish/dp/B0BL3SDSGZ
OMRON BAGS Large 40 L Laptop Backpack For Men and Women,₹725,5.0 out of 5 stars,3,https://www.amazon.in/OMRON-BAGS-Backpack-Black-New/dp/B0BLJZGTMZ
Gear Solid 22 Cms Cosmetic Pouch (Black),₹439,4.5 out of 5 stars,"4,255",https://www.amazon.in/GEAR-Black-Toiletry-Bag-ACCTLTPCH0112/dp/B019HA8JJW
TUFFGEAR Polyester Gym Bag Workout 23 Litre Gym Duffle Bag Yellow,₹563,4.1 out of 5 stars,999,https://www.amazon.in/TUFFGEAR-Workout-Litre-Duffle-Yellow/dp/B08R7HYFM1
"HYDER 35L Latest And Trendy Stylish Waterproof College/Casual/School Bag/Backpack For Kids, Boys, Girls, Men And Women | Best Bags For Everyday Use",₹735,4.2 out of 5 stars,130,https://www.amazon.in/HYDER-Gamepad-Waterproof-Backpack-Everyday/dp/B0BR3KK8TR
30 L Waterproof Laptop/College/School/Office Bag Backpack for Men Women Boys Girls with Rain Cover (Navy_Blue),₹486,4.6 out of 5 stars,6,https://www.amazon.in/Waterproof-Laptop-College-Backpack-Navy_Blue/dp/B0BW9BTJCZ
LuvLap Lily Travel Multifunctional Waterproof Diaper Bag-Backpack Cum Tote Bag (Black),"₹1,149",4.4 out of 5 stars,935,https://www.amazon.in/LuvLap-Travel-Multifunctional-Waterproof-Bag-Backpack/dp/B07W6Z8XKB
"Storite Small Size Army Print Padded Nylon Cross Body Sling bag Office Travel One Side Bag for Men Women (25x19x7cm, GreenGrey)",₹395,4.1 out of 5 stars,478,https://www.amazon.in/Storite-Army-Print-Sling-GreenGrey/dp/B09KNMWWPH
Impulse Impbee 45L Laptop Backpack/Office Bag/School Bag/College Bag/Business Bag/Travel Backpack Water Resistant Fits Up to 16 Inch Laptop with Rain Cover & 1 Year Warranty,₹881,4.0 out of 5 stars,6,https://www.amazon.in/Impulse-Impbee-Backpack-Business-Resistant/dp/B0C1CSS81H
"Bennett Casual Laptop Bag school bags for boys girls 15.6-inch, 25 LTR Office & College bags for mens Water Repellent Backpack for Men & Women (Black)",₹512,3.9 out of 5 stars,326,https://www.amazon.in/Bennett-15-6-inch-College-Repellent-Backpack/dp/B09WZHX3B1
Safari Seek 45 Ltrs Overnighter Expandable Travel Laptop Backpack,"₹2,499",4.5 out of 5 stars,"7,239",https://www.amazon.in/Safari-45L-21-OB-BLK/dp/B07BZ5VC4H
"FUR JADEN Anti Theft Number Lock Backpack Bag with 15.6 Inch Laptop Compartment, USB Charging Port & Organizer Pocket for Men Women Boys Girls",₹670,4.0 out of 5 stars,"4,901",https://www.amazon.in/Number-Backpack-Compartment-Charging-Organizer/dp/B09VTC876Z
Murano Louis 10ltr Casual daybackpack/Office & Travel Bag/School Bag/College Bag/Men/Women/Girl/Boy (Orange),₹176,3.1 out of 5 stars,36,https://www.amazon.in/Murano-Casual-daybackpack-Office-College/dp/B0BX9FLPNX
DZert Clasy Laptop Bag College Bag for Boys Girls 21 L Red Black,₹339,3.8 out of 5 stars,"2,495",https://www.amazon.in/DZert-Polyester-Black-White-Backpack/dp/B07GXX2BP3
ADISA Large Laptop Backpack Office Bag College Travel Back Pack with USB (Black),₹599,3.8 out of 5 stars,80,https://www.amazon.in/ADISA-Laptop-Backpack-Office-College/dp/B0BXQZ6Q85
MI Business Casual 21L Water Resistant Laptop Backpack,₹949,4.4 out of 5 stars,"4,513",https://www.amazon.in/Mi-Business-Casual-Resistant-Backpack/dp/B07YY6PTMN
Lavie Women's Ushawu Satchel Bag | Ladies Purse Handbag,"₹1,249",4.1 out of 5 stars,"6,814",https://www.amazon.in/Lavie-Womens-Ushawu-Satchel-Handbag/dp/B0B3J9J9CK
Gear ECO1 24L Water Resistant Laptop Bag/Backpack/Office Bag for Men/Women- Grey-Black-Yellow,₹845,4.2 out of 5 stars,"1,464",https://www.amazon.in/Gear-Polyester-Laptop-Backpack-LBPECONO10412/dp/B012NW0J30
Skybags Kick Unisex Adjustable Strap Polyester Laptop Backpack,"₹1,576",4.0 out of 5 stars,53,https://www.amazon.in/Skybags-Unisex-Adjustable-Polyester-Backpack/dp/B0BJ763F7Y
Gear polyester 44 cms Duffle Bag(DUFPRO2000106_Black),₹431,4.3 out of 5 stars,834,https://www.amazon.in/Gear-ltr-Black-Orange-DUFPRO2000106/dp/B00Z93WSVW
Half Moon 35 L Casual Waterproof Laptop Bag/Backpack for Men Women Boys Girls/Office School College Teens & Students with Rain Cover (18 Inch) (Sky Blue),₹699,3.6 out of 5 stars,87,https://www.amazon.in/Half-Moon-Waterproof-Backpack-Students/dp/B0BR149RMT
Shopiable Store Folding Storage Luggage Bag Travelling Shoulder Hand Bags Lightweight Waterproof Duffle Bag for Women (Pink),₹379,4.1 out of 5 stars,14,https://www.amazon.in/Shopiable-Store-Travelling-Lightweight-Waterproof/dp/B0B5VMZVXZ
Skybags Unisex Grey Jacqard 34L Laptop Bags,"₹1,279",4.0 out of 5 stars,63,https://www.amazon.in/Skybags-Unisex-Grey-Jacqard-Laptop/dp/B09ZV9SLBJ
"Mi Step Out 12 L Mini Backpack (Small Size, Sky Blue, Water Repellant)",₹309,4.1 out of 5 stars,"9,457",https://www.amazon.in/Step-Backpack-Small-Water-Repellant/dp/B088X9M73T
Wildcraft Turnaround Polyester 35 Ltrs Blue Laptop Bag (8903338054702),"₹1,840",4.3 out of 5 stars,"1,204",https://www.amazon.in/Wildcraft-Turnaround-Polyester-Laptop-8903338054702/dp/B012D51GXO
Fast Travel School Bag Class 5-7 Large 3 partition 35 L Laptop Collage Office Travel Backpack Unisex (Red White),₹549,4.1 out of 5 stars,"1,109",https://www.amazon.in/Fast-Travel-partition-Collage-Backpack/dp/B09XLKF4W4
Lenovo Everyday Laptop Backpack B515 15.6-inch Water Repellent Black,"₹1,499",4.1 out of 5 stars,"3,709",https://www.amazon.in/Lenovo-Laptop-Everyday-Backpack-Black/dp/B07GM5NR14
COSMUS Darwin Navy Blue Laptop Backpack for (15.6 inch),"₹1,333",4.3 out of 5 stars,"10,026",https://www.amazon.in/COSMUS-Polyester-Navy-Laptop-Backpack/dp/B01FVQLLU0
F Gear Tycoon 27 Liters Laptop Backpack Sch Bag(Black),"₹1,149",4.4 out of 5 stars,251,https://www.amazon.in/F-Gear-Tycoon-Laptop-Backpack/dp/B071XJ6XV5
Arctic Hunter Laptop Bag Expandable Backpack for 16 inch Lapotp 40L Travel Backpack Water-resistant Business School Backpack with USB Port for Men and Women,"₹3,699",4.4 out of 5 stars,105,https://www.amazon.in/Expandable-Backpack-Water-resistant-Business-Charging/dp/B0B6FNB898
high power Lightweight school bags Backpacks for Boys Girls Stylish men and women Casual Travel Laptop Bag College office (Black) 30 LTR,₹625,5.0 out of 5 stars,1,https://www.amazon.in/high-power-Lightweight-Backpacks-Stylish/dp/B0BKL76TV3
American Tourister Ohio Polyester 65 Cms Wheel Travel Duffle Bag (Blue),"₹1,999",4.2 out of 5 stars,"1,269",https://www.amazon.in/American-Tourister-FJ9-01-002/dp/B07N19CXKM
ADISA 32L Large Laptop Backpack Office Bag College Travel Back Pack with rain Cover (Navy),₹699,3.8 out of 5 stars,43,https://www.amazon.in/ADISA-Laptop-Backpack-Office-College/dp/B0BVRJYD9Q
"SACCI MUCCI Women's Rainbow Sling Bag, Handmade Bags for Females - 100% Vegan Leather and Coated Duck canvas Fabric, Lightweight and Durable",₹499,4.2 out of 5 stars,898,https://www.amazon.in/SACCI-MUCCI-Allamanda-Lightweight-SM1-10_magnolia/dp/B09TDNZ88Z
"Bennett Casual Laptop Bag School Bags for Boys Girls 15.6-inch, 25 LTR Office & College bags for Mens Water Repellent Backpack for Men & Women (GREY)",₹512,3.9 out of 5 stars,170,https://www.amazon.in/Bennett-15-6-inch-College-Repellent-Backpack/dp/B09WZKHSDR
Lavie Women's Betula Tote Bag | Ladies Purse Handbag,₹999,4.0 out of 5 stars,"20,233",https://www.amazon.in/Lavie-Betula-Womens-Tote-Mint/dp/B08J8M2B42
ROZEN Stylish roz401-Sky Blue Laptop Backpack for School Collage Office Travelling Waterproof School Bag (Sky Blue 40 LTR),₹588,4.0 out of 5 stars,48,https://www.amazon.in/Rozen-Polyester-Waterproof-Backpack-Travelling/dp/B07R1S92QS
ADISA Women's Girls Party Sling Bag Crossbody,₹378,4.0 out of 5 stars,569,https://www.amazon.in/ADISA-Womens-Girls-Party-Crossbody/dp/B0B2WBJ2H8
"uppercase Laptop Backpack Printed Compact 3x more water repellent sustainable bags with rain proof zippers for Men, Women, Boys & Girls, 750 Days warranty (Blue)","₹1,350",4.1 out of 5 stars,100,https://www.amazon.in/uppercase-Backpack-1800EBP2-resistant-sustainable/dp/B0BQYJ8WP5
Gear Classic 20L Faux Leather Water Resistant Anti Theft Laptop Bag/Backpack for Men/Women-Black,₹979,4.4 out of 5 stars,"2,707",https://www.amazon.in/Gear-Classic-Leather-Backpack-LBPCLSLTH0101/dp/B07G4D13LB
"POLESTAR Leader 34 L Bag for College, School, Office, Casual Multipurpose Backpack with 15.6"" Laptop Compartment, Water Resistant, Unisex Design, Stylish & Durable, 1 Year Warranty",₹599,4.1 out of 5 stars,"3,511",https://www.amazon.in/POLESTAR-backpack-Backpack-College-Students/dp/B08X2KRL8B
American Tourister SPIN LAPTOP BACKPACK 28L POLYESTER BLACK,₹899,3.4 out of 5 stars,29,https://www.amazon.in/American-Tourister-LAPTOP-BACKPACK-POLYESTER/dp/B0BLCXMTZ7
Aristocrat Unisex Black Premium Polyester Fabric 28L Backpacks,"₹1,322",4.3 out of 5 stars,102,https://www.amazon.in/Aristocrat-Unisex-Premium-Polyester-Backpacks/dp/B09ZV6SBFS
F Gear Burner P8 19 Ltrs White Casual Laptop Backpack,₹661.75,4.3 out of 5 stars,"3,993",https://www.amazon.in/F-Gear-Burner-Casual-Laptop-Backpack/dp/B016115VXW
"Red Lemon Titan Ultrafit Plus Bange Series 15.6-inch Laptop Bags Backpacks for Men and Women55L Outdoor and Camping 3in1 Office Bags,Travelling,Backpack","₹3,799",4.4 out of 5 stars,462,https://www.amazon.in/Ultrafit-15-6-inch-Backpacks-Travelling-Backpack-Black/dp/B082Y7TZ8Z
"AmazonBasics Laptop Backpack - 24L, Water Repellent and Wear Resistant, Dark Grey",₹799,4.2 out of 5 stars,644,https://www.amazon.in/Amazon-Basics-Laptop-Backpack-Repellent/dp/B09W49FSX1
FUR JADEN 15.6 Anti Theft Laptop Backpack with USB Charging Port Unisex Bag for College Office Suitable for Men Women,₹749,4.0 out of 5 stars,"6,150",https://www.amazon.in/FUR-JADEN-Waterproof-Charging-BM25_Grey/dp/B07FM9BSKW
Kuber Industries Rexine Jumbo Attachi Travel Blanket Cover|Travel Duffle|Storage Carrying Bag|Travel Multi-Purpose Bag|Size 58 x 48 x 34 CM (Grey) CTKTC034726,₹396,3.7 out of 5 stars,918,https://www.amazon.in/Kuber-Industries-Carrying-Multi-Purpose-CTKTC034726/dp/B083J6774T
Wildcraft 29.5 Ltrs Green Casual Backpack (11650-Green),"₹1,039",4.1 out of 5 stars,392,https://www.amazon.in/Wildcraft-Green-Casual-Backpack-11650-Green/dp/B079DV66TY
"GoTrippin Waist Bags for Men Women- Premium Stitching, Branded Zippers, Waterproof pocket, RFID safe- Large Fanny pack for Hiking Travel Camping Running Sports Outdoors, Money Belt with Adjustable Strap (Polyester,Black)",₹999,4.5 out of 5 stars,"2,149",https://www.amazon.in/GoTrippin-Camping-Outdoors-Polyester-Adjustable/dp/B088LHS5LP
"POLESTAR Noble 32 L Bag for College, School, Office, Casual Multipurpose Backpack with 15.6"" Laptop Compartment, Water Resistant, Unisex Design, Stylish & Durable, 1 Year Warranty",₹579,3.9 out of 5 stars,"17,691",https://www.amazon.in/POLESTAR-Casual-bagpack-School-Backpack/dp/B07PQQ8M7B
"Glowic Canvas Grocery, Travel, Beach | Shoulder Handbags Women, College Bags for Girls Stylish Trendy(WBAG-50)",₹489,3.5 out of 5 stars,244,https://www.amazon.in/Glowic-Grocery-Shoulder-Handbags-WBAG-50/dp/B09YRWZBW8
Amazon Basics 20 ltrs Casual/Travel/College Backpack for 15.6-inch Laptop | Water Resistant Fabric,₹399,4.2 out of 5 stars,644,https://www.amazon.in/Amazon-Basics-Casual-Backpack-15-6-inch/dp/B09W4WJ1CB
"FUR JADEN Travel Laptop Backpack, Business Backpacks with USB Charging Port, Water Resistant College School Computer Bag for Men & Women Fits Under 15.6 inch Laptop and Notebook","₹1,049",4.2 out of 5 stars,251,https://www.amazon.in/Backpack-Business-Backpacks-Charging-Resistant/dp/B094DGXXR5
COSMUS Vogue Casual Laptop Backpack with USB Charger Port 46cm 26 Litre Maroon College Bag,"₹1,409",4.2 out of 5 stars,"1,413",https://www.amazon.in/Cosmus-Casual-Backpack-Charger-College/dp/B09HX54TGF
"Aurion Vista Polyester Sports Gym Duffle Bag with Wet Pocket and Shoe Compartment - 1Pc (Blue, 24 Cms) | Lightweight Duffle Bags | Travel Duffel Backpack for Men and Women | Camping | Swimming | Yoga",₹349,4.0 out of 5 stars,"1,085",https://www.amazon.in/Shoulder-Lightweight-Duffle-Weekend-Blue-Orange/dp/B09139DYF1
"Half Moon 35L Water Resistant 15.6 inch Laptop Bag for Men/Backpack for Men, Black | Office Bag for Men/Office Bag for Women with Padded Laptop Compartment | Rain Cover & Reflective Strips",₹699,3.9 out of 5 stars,337,https://www.amazon.in/Half-Moon-Resistant-Laptop-Backpack/dp/B09842K4RQ
Aristrocrat Unisex Laptop Bag Grey One Size,₹799,4.3 out of 5 stars,29,https://www.amazon.in/Aristocrat-Zeal-Unisex-Grey-Laptop/dp/B0B5YHC1W5
satellite backpacks for men women backpack bags school bag boys under 35 ltr litres casual bagpack black,₹516,3.9 out of 5 stars,363,https://www.amazon.in/SATELLITE-Black-Casual-Backpack-Bagpack/dp/B083DZVFZM
ASIAN Sling Bag for Women - Handmade Bags for Females - Jute and Indian Fabric Slings - Side Bags for Mobile Phones and Wallets (Black),₹224,3.5 out of 5 stars,103,https://www.amazon.in/ASIAN-Sling-Bag-women-Handmade/dp/B09SXRZ7FW
RAPTORS 35L Water Resistant 15.6 inch Laptop Backpack bag for men and women Office/School/Travel/Business Padded with Laptop Compartment,₹719,5.0 out of 5 stars,5,https://www.amazon.in/RAPTORS-Resistant-Backpack-Business-Compartment/dp/B0C4Q4WN6V
POLICE Polyester 35 Ltr Laptop Big Low Spec Laptop Backpack - Black/Navy,"₹1,569",3.3 out of 5 stars,213,https://www.amazon.in/Police-Polyester-Laptop-Spec-Backpack/dp/B07ZB8NWTZ
K London Stylish Real Leather Black Waist Bag Elegant Style Travel Pouch Passport Holder with Adjustable Strap(246_Black),₹335,4.2 out of 5 stars,"2,372",https://www.amazon.in/London-Stylish-Passport-Adjustable-246_Black/dp/B07ZFT873B
"Skybags Unisex Polyester Solid Pattern Hustle Df 55 (Orange, Small)","₹1,590",4.3 out of 5 stars,314,https://www.amazon.in/SKYBAGS-Unisex-Luggage-Duffel-Bag-DFHUS55ONG/dp/B07F342RQD
Gear Eco4 18L Water Resistant School Bag//Backpack/College Bag for Men/Women - Navy Blue,₹494,4.0 out of 5 stars,"4,257",https://www.amazon.in/Gear-Green-Casual-Backpack-BKPECOBP40503/dp/B019HA8DQQ
"uppercase Medium 17 Ltrs Vegan Leather (upto 14 inch) Laptop Backpack 2300EBP1 3x more water resistant sustainable bags with rain proof zippers for Men, Women, Boys and Girls, 750 Days warranty","₹1,600",4.1 out of 5 stars,503,https://www.amazon.in/uppercase-Backpack-2300EBP1-repellent-sustainable/dp/B0B69M182Q
GOCART WITH G LOGO Laptop Backpack Casual Daypacks Briefcase Convertible Business Travel Rucksack with USB Charging Port Large College School Bookbag Computer Laptop Bag,"₹1,399",3.8 out of 5 stars,"1,452",https://www.amazon.in/GOCART-LOGO-Backpack-Briefcase-Convertible/dp/B0822H451W
AUXTER Premium Sports Gym Duflle Bag with Shoe Compartment for Men and Women,₹454,4.3 out of 5 stars,"1,280",https://www.amazon.in/Auxter-Premium-Sports-Compartment-Black-Green/dp/B08XWBDGMB
30 L Waterproof Laptop/College/School/Office Bag Backpack for Men Women Boys Girls with Rain Cover (Navy_Blue),₹489,4.6 out of 5 stars,6,https://www.amazon.in/Waterproof-Laptop-College-Backpack-Navy_Blue/dp/B0BW9GWPYH
"TRAVALATE Laptop Backpack with USB Charging Port for Travel, Office, Collage, Business Bag, Gift for Men and Women",₹798,3.7 out of 5 stars,54,https://www.amazon.in/TRAVALATE-Backpack-Charging-Collage-Business/dp/B0BLK8CF12
Wolpin Travel Bags for Luggage Spacious with Pockets Foldable Weekender Zipper Duffle Bag for Travel Stylish Handbag Conveniently Carry on Trolley Bag Waterproof (44 x 18 x 35 cm),₹389,4.2 out of 5 stars,29,https://www.amazon.in/Spacious-Foldable-Weekender-Conveniently-Waterproof/dp/B0BTTH69S9
Gear LOGI-Q 27L Water Resistant Laptop Bag/Backpack/Office Bag for Men/Women (Black-White),₹945,5.0 out of 5 stars,2,https://www.amazon.in/Gear-LOGI-Q-Resistant-Backpack-Black-White/dp/B0BTJ2VV17
American Tourister X-Bag Nylon 65 Cms Travel Duffle Bag (Black),"₹2,099",4.3 out of 5 stars,393,https://www.amazon.in/American-Tourister-40X-09-009/dp/B00FRCNTUO
AmazonBasics Nylon 43 Cms Travel Duffle Bag (Red),"₹1,727",4.3 out of 5 stars,"6,825",https://www.amazon.in/AmazonBasics-Ltrs-Large-Duffel-Bag/dp/B01GGNW5AM
Kuber Industries Faux Leather 20 Cms Duffle Bag(CTKTC34727_Grey),₹279,3.8 out of 5 stars,209,https://www.amazon.in/Kuber-Industries-Carrying-Multi-Purpose-CTKTC034727/dp/B083J6HVMB
Gear Workspace 18L Water Resistant Laptop Bag/Backpack/Office Bag for Men/Women-Black,₹907,4.2 out of 5 stars,336,https://www.amazon.in/Gear-Workspace-Briefcase-Black-Red-BKPWRPHYD0101/dp/B097KGL2M5
PUMA 0 Ltrs PUMA Black-Camo AOP School Backpack (7735101),"₹1,349",4.3 out of 5 stars,41,https://www.amazon.in/PUMA-Black-Camo-School-Backpack-7735101/dp/B07VN74LRB
